phrase,ratio_balanced,ai_docs,human_docs,ai_per_1000,human_per_1000,regs_ratio_ge2,top_reg_share,register_skewed,gen2026_per_1000,humanv2_per_1000,generalises
aita for,48.5,103,0,18.21,0.0,3,1.0,True,0.0,0.0,False
the asshole,46.69,99,0,17.51,0.0,3,1.0,True,0.0,0.0,False
i the asshole,41.71,88,0,15.56,0.0,3,1.0,True,0.0,0.0,False
am i the asshole,36.74,77,0,13.62,0.0,3,1.0,True,0.0,0.0,False
wikipedia article,34.88,75,4,13.26,0.41,3,1.0,True,0.0,0.24,False
his contributions,30.58,37,0,6.54,0.0,4,0.95,True,0.0,0.0,False
i told her i,28.59,59,0,10.43,0.0,3,1.0,True,0.0,0.0,False
a wikipedia article,27.48,43,2,7.6,0.2,3,1.0,True,0.0,0.0,False
said i was,27.38,109,6,19.27,0.61,2,0.97,True,0.0,0.24,False
asshole for,26.33,54,0,9.55,0.0,3,1.0,True,0.0,0.0,False
the asshole for,25.43,52,0,9.2,0.0,3,1.0,True,0.0,0.0,False
revised version,25.23,40,1,7.07,0.1,3,0.97,True,0.5,0.24,False
a wikipedia,25.14,48,4,8.49,0.41,2,0.98,True,0.25,0.48,False
working days,24.89,209,9,36.96,0.91,5,0.7,False,78.93,0.48,True
a fortnight,24.76,110,2,19.45,0.2,5,0.57,False,38.1,0.0,True
matters more,24.57,130,3,22.99,0.3,5,0.7,False,49.8,0.72,True
his contributions to,24.4,28,0,4.95,0.0,3,1.0,True,0.0,0.0,False
texted me,24.07,49,0,8.66,0.0,3,1.0,True,0.0,0.0,False
said i was being,24.07,49,0,8.66,0.0,3,1.0,True,0.0,0.0,False
matters more than,23.87,113,2,19.98,0.2,5,0.7,False,43.58,0.48,True
revised version of,23.59,27,0,4.77,0.0,3,1.0,True,0.25,0.0,True
revised version of the,23.59,27,0,4.77,0.0,3,1.0,True,0.25,0.0,True
i the asshole for,23.16,47,0,8.31,0.0,3,1.0,True,0.0,0.0,False
the original text,22.08,55,0,9.73,0.0,6,0.27,False,0.0,0.0,False
original text for,22.08,55,0,9.73,0.0,6,0.27,False,0.0,0.0,False
original text,22.08,55,0,9.73,0.0,6,0.27,False,0.0,0.0,False
the original text for,22.08,55,0,9.73,0.0,6,0.27,False,0.0,0.0,False
a revised version of,21.99,25,0,4.42,0.0,3,1.0,True,0.25,0.0,True
twenty minutes,21.92,103,3,18.21,0.3,5,0.45,False,24.65,0.24,True
the boiler,21.89,87,1,15.38,0.1,4,0.55,False,30.38,0.24,True
asshole here,21.81,44,0,7.78,0.0,3,1.0,True,0.0,0.0,False
the asshole here,21.81,44,0,7.78,0.0,3,1.0,True,0.0,0.0,False
we'd rather,21.7,84,0,14.85,0.0,4,0.94,True,27.64,0.0,True
text for the task,21.62,54,0,9.55,0.0,6,0.28,False,0.0,0.0,False
for the task is,21.62,54,0,9.55,0.0,6,0.28,False,0.0,0.0,False
original text for the,21.62,54,0,9.55,0.0,6,0.28,False,0.0,0.0,False
told her i,20.88,63,2,11.14,0.2,3,1.0,True,0.0,0.0,False
and said i,20.37,72,3,12.73,0.3,3,0.97,True,0.25,0.72,False
early life and,20.15,63,2,11.14,0.2,3,1.0,True,0.25,0.0,True
i the asshole here,20.0,40,0,7.07,0.0,3,1.0,True,0.0,0.0,False
essay argues,20.0,65,0,11.49,0.0,3,1.0,True,21.17,0.0,True
for immediate release,19.95,91,1,16.09,0.1,3,1.0,True,31.87,0.24,True
this matters,19.94,70,0,12.38,0.0,4,0.4,False,26.15,0.0,True
task is the following,19.88,48,0,8.49,0.0,6,0.25,False,0.0,0.0,False
this essay argues,19.73,64,0,11.32,0.0,3,1.0,True,20.92,0.0,True
essay argues that,19.73,64,0,11.32,0.0,3,1.0,True,20.92,0.0,True
for a wikipedia,19.68,27,1,4.77,0.1,3,1.0,True,0.0,0.0,False
this essay argues that,19.45,63,0,11.14,0.0,3,1.0,True,20.67,0.0,True
the task is the,19.43,47,0,8.31,0.0,6,0.26,False,0.0,0.0,False
for a wikipedia article,19.01,26,1,4.6,0.1,3,1.0,True,0.0,0.0,False
tax digital,18.96,68,1,12.02,0.1,4,0.49,False,25.4,0.24,True
making tax,18.96,68,1,12.02,0.1,4,0.49,False,25.4,0.24,True
making tax digital,18.96,68,1,12.02,0.1,4,0.49,False,25.4,0.24,True
six weeks,18.71,266,20,47.04,2.03,5,0.61,False,91.38,3.38,True
vat on,18.56,49,0,8.66,0.0,4,0.41,False,21.66,0.0,True
particularly where,18.5,73,1,12.91,0.1,4,0.47,False,23.9,0.24,True
vat registered,18.43,51,0,9.02,0.0,4,0.43,False,19.67,0.0,True
shoulder season,18.38,58,0,10.26,0.0,4,0.64,False,24.65,0.0,True
i told her,18.23,133,10,23.52,1.01,2,0.98,True,0.0,0.97,False
media contact,18.23,93,2,16.45,0.2,2,1.0,True,32.37,0.48,True
a revised version,17.97,28,1,4.95,0.1,3,0.96,True,0.5,0.24,False
your boiler,17.88,73,1,12.91,0.1,4,0.59,False,25.15,0.24,True
immediate release,17.87,91,2,16.09,0.2,2,1.0,True,31.87,0.48,True
the midlands,17.85,72,1,12.73,0.1,4,0.5,False,24.65,0.0,True
distinction matters,17.6,59,0,10.43,0.0,4,0.47,False,20.92,0.0,True
high stakes,17.54,75,3,13.26,0.3,6,0.65,False,19.67,0.72,True
eight weeks,17.52,119,6,21.04,0.61,5,0.59,False,43.33,0.97,True
early life and education,17.09,36,1,6.37,0.1,3,1.0,True,0.0,0.0,False
the rollout,16.66,74,2,13.09,0.2,5,0.53,False,23.66,0.48,True
west midlands,16.43,66,1,11.67,0.1,5,0.56,False,20.42,0.0,True
thinks i,16.41,44,1,7.78,0.1,3,1.0,True,0.0,0.24,False
she said i was,16.38,32,0,5.66,0.0,3,1.0,True,0.0,0.0,False
taxable turnover,16.34,40,0,7.07,0.0,3,0.53,False,17.93,0.0,True
is genuinely,16.3,96,3,16.98,0.3,4,0.46,False,31.37,0.72,True
a radiator,16.24,51,0,9.02,0.0,4,0.88,True,17.93,0.0,True
vat registration,16.24,42,0,7.43,0.0,4,0.45,False,18.92,0.0,True
post hoc,16.22,63,1,11.14,0.1,3,0.97,True,17.93,0.0,True
filling loop,16.17,52,0,9.2,0.0,3,0.92,True,17.43,0.0,True
debtor days,16.09,48,0,8.49,0.0,4,0.65,False,20.42,0.0,True
academy trust,15.99,62,0,10.96,0.0,4,0.98,True,23.41,0.0,True
for uk,15.96,81,2,14.32,0.2,3,0.77,True,30.13,0.24,True
the maths,15.96,50,0,8.84,0.0,4,0.48,False,20.17,0.24,True
called me,15.95,66,6,11.67,0.61,3,0.97,True,0.5,0.24,False
eighteen months,15.87,120,3,21.22,0.3,5,0.48,False,42.58,0.48,True
multi academy,15.81,61,0,10.79,0.0,4,0.97,True,22.91,0.0,True
flat rate scheme,15.72,48,0,8.49,0.0,4,0.46,False,19.17,0.0,True
rate scheme,15.72,48,0,8.49,0.0,4,0.46,False,19.17,0.0,True
rolling month,15.67,39,0,6.9,0.0,5,0.51,False,16.68,0.0,True
in leeds,15.49,77,1,13.62,0.1,5,0.82,True,28.64,0.24,True
bridging finance,15.48,60,0,10.61,0.0,3,1.0,True,21.66,0.0,True
and said i was,15.47,30,0,5.31,0.0,3,1.0,True,0.0,0.0,False
the intricate,15.43,25,1,4.42,0.1,5,0.48,False,0.5,0.24,False
limited companies,15.41,59,0,10.43,0.0,3,0.95,True,19.42,0.0,True
life and education,15.39,36,2,6.37,0.2,3,1.0,True,0.0,0.0,False
problem not a,15.39,55,0,9.73,0.0,3,0.64,False,20.42,0.0,True
street banks,15.34,58,0,10.26,0.0,3,0.9,True,18.92,0.0,True
high street banks,15.34,58,0,10.26,0.0,3,0.9,True,18.92,0.0,True
text for the,15.33,54,1,9.55,0.1,5,0.28,False,0.25,0.24,False
matters because,15.32,69,2,12.2,0.2,5,0.46,False,25.9,0.24,True
vat returns,15.32,51,0,9.02,0.0,4,0.69,False,19.42,0.0,True
cash accounting,15.29,50,0,8.84,0.0,4,0.54,False,19.42,0.0,True
its existing,15.2,30,1,5.31,0.1,3,0.5,False,8.47,0.24,True
fostering a,15.16,26,0,4.6,0.0,6,0.38,False,1.74,0.0,True
early career,15.15,67,4,11.85,0.41,5,0.66,False,18.18,0.97,True
working day,15.13,98,4,17.33,0.41,5,0.7,True,38.84,0.97,True
the fix is,15.04,46,0,8.13,0.0,4,0.48,False,19.42,0.0,True
open morning,15.02,30,0,5.31,0.0,4,0.93,True,14.19,0.0,True
is the following,14.99,48,2,8.49,0.2,6,0.25,False,0.0,0.24,False
task is the,14.95,48,2,8.49,0.2,6,0.25,False,0.0,0.24,False
twelve months,14.9,109,3,19.27,0.3,4,0.59,False,40.09,0.72,True
multi academy trust,14.85,57,0,10.08,0.0,4,0.98,True,21.41,0.0,True
lower back,14.82,100,7,17.68,0.71,4,0.47,False,34.11,1.21,True
the vat,14.74,66,3,11.67,0.3,4,0.53,False,25.4,0.24,True
gas safe,14.71,52,0,9.2,0.0,4,0.81,True,20.67,0.0,True
high street,14.66,132,9,23.34,0.91,4,0.65,False,41.83,0.97,True
each radiator,14.66,46,0,8.13,0.0,3,0.98,True,14.94,0.0,True
been together,14.48,32,1,5.66,0.1,2,1.0,True,0.0,0.0,False
sickness absence,14.47,54,1,9.55,0.1,4,0.74,True,17.68,0.24,True
trapped air,14.4,46,0,8.13,0.0,3,0.87,True,15.19,0.0,True
the filling loop,14.28,45,0,7.96,0.0,3,0.93,True,15.19,0.0,True
five working,14.28,51,0,9.02,0.0,4,0.69,False,19.67,0.0,True
from the boiler,14.24,46,0,8.13,0.0,3,0.8,True,15.69,0.0,True
within days of the,14.24,50,0,8.84,0.0,4,0.74,True,18.18,0.0,True
operating model,14.22,44,0,7.78,0.0,5,0.59,False,17.68,0.0,True
and legacy,14.21,42,6,7.43,0.61,4,0.67,False,5.98,0.48,True
how to bleed,14.16,44,0,7.78,0.0,2,1.0,True,14.19,0.0,True
the lockshield,14.16,44,0,7.78,0.0,2,1.0,True,14.44,0.0,True
grad cam,14.16,44,0,7.78,0.0,3,1.0,True,12.95,0.0,True
five working days,14.05,50,0,8.84,0.0,4,0.68,False,19.17,0.0,True
a testament,14.03,54,10,9.55,1.01,4,0.72,True,3.24,1.21,True
boiler pressure,14.03,46,0,8.13,0.0,3,0.72,True,15.44,0.0,True
phased rollout,14.03,49,0,8.66,0.0,3,0.59,False,16.68,0.0,True
a testament to,13.92,53,10,9.37,1.01,4,0.74,True,3.24,1.21,True
the west midlands,13.91,47,0,8.31,0.0,5,0.51,False,13.7,0.0,True
bleed valve,13.88,43,0,7.6,0.0,2,1.0,True,14.44,0.0,True
and rebalance,13.88,43,0,7.6,0.0,2,1.0,True,13.7,0.0,True
the bleed,13.88,43,0,7.6,0.0,2,1.0,True,14.44,0.0,True
selvaraju et al,13.88,43,0,7.6,0.0,3,1.0,True,12.45,0.0,True
selvaraju et,13.88,43,0,7.6,0.0,3,1.0,True,12.45,0.0,True
forty minutes,13.87,39,0,6.9,0.0,4,0.56,False,10.96,0.0,True
ad spend,13.87,54,1,9.55,0.1,3,0.54,False,17.68,0.24,True
was marked,13.86,26,2,4.6,0.2,4,0.77,True,1.74,0.24,True
for vat,13.86,41,0,7.25,0.0,4,0.51,False,15.44,0.0,True
heating system,13.85,58,2,10.26,0.2,4,0.76,True,19.42,0.24,True
prior attainment,13.82,43,0,7.6,0.0,4,0.98,True,14.69,0.0,True
a procurement,13.7,41,0,7.25,0.0,4,0.76,True,15.19,0.0,True
vat return,13.69,47,0,8.31,0.0,4,0.74,True,16.19,0.0,True
literature is,13.67,52,1,9.2,0.1,3,0.92,True,15.94,0.24,True
the fix,13.66,88,4,15.56,0.41,4,0.49,False,39.09,0.72,True
of workplace,13.62,38,1,6.72,0.1,5,0.76,True,11.45,0.0,True
turn the heating,13.6,42,0,7.43,0.0,2,1.0,True,13.2,0.0,True
across three,13.55,62,2,10.96,0.2,5,0.52,False,23.41,0.24,True
in shaping the,13.53,27,2,4.77,0.2,5,0.59,False,1.99,0.24,True
gas safe registered,13.42,47,0,8.31,0.0,4,0.85,True,18.68,0.0,True
safe registered,13.42,47,0,8.31,0.0,4,0.85,True,18.68,0.0,True
stands as a,13.4,30,3,5.31,0.3,6,0.53,False,1.25,0.72,False
month end,13.36,47,0,8.31,0.0,4,0.81,True,15.44,0.0,True
lockshield valve,13.32,41,0,7.25,0.0,2,1.0,True,12.7,0.0,True
institutional memory,13.32,41,0,7.25,0.0,3,0.98,True,13.7,0.0,True
a supplier,13.29,76,5,13.44,0.51,4,0.61,False,27.89,1.21,True
evidence base,13.25,57,2,10.08,0.2,4,0.77,True,18.43,0.48,True
peak season,13.25,50,1,8.84,0.1,6,0.74,True,17.68,0.0,True
term retention,13.18,42,0,7.43,0.0,4,0.76,True,12.45,0.0,True
fixed price,13.12,83,6,14.68,0.61,4,0.93,True,29.88,0.72,True
even where,13.08,47,1,8.31,0.1,5,0.64,False,14.44,0.24,True
the radiators,13.06,41,0,7.25,0.0,3,0.88,True,14.69,0.0,True
the bleed valve,13.04,40,0,7.07,0.0,2,1.0,True,13.2,0.0,True
practices across,13.04,36,1,6.37,0.1,3,0.86,True,10.46,0.24,True
reporting lines,13.04,40,0,7.07,0.0,3,0.7,False,12.95,0.0,True
before departure,13.04,53,1,9.37,0.1,4,0.75,True,19.17,0.0,True
four to six,13.04,51,1,9.02,0.1,4,0.51,False,19.17,0.48,True
the awkward,12.96,48,1,8.49,0.1,5,0.54,False,17.68,0.24,True
system pressure,12.9,41,0,7.25,0.0,3,0.8,True,13.45,0.0,True
roughly per,12.9,48,1,8.49,0.1,4,0.52,False,20.92,0.24,True
data residency,12.9,47,0,8.31,0.0,3,0.85,True,18.18,0.0,True
is not merely,12.88,53,3,9.37,0.3,6,0.55,False,17.18,0.72,True
below the threshold,12.87,26,0,4.6,0.0,5,0.58,False,11.45,0.0,True
treated as a,12.81,88,3,15.56,0.3,4,0.43,False,31.62,0.72,True
ring fenced,12.81,47,1,8.31,0.1,5,0.64,False,15.69,0.24,True
organisational culture,12.76,39,0,6.9,0.0,3,1.0,True,12.95,0.0,True
frequently asked questions,12.73,102,7,18.04,0.71,3,1.0,True,34.86,0.72,True
to the boiler,12.71,39,0,6.9,0.0,3,0.97,True,13.7,0.0,True
pressure gauge,12.7,56,1,9.9,0.1,3,0.79,True,18.92,0.0,True
input vat,12.64,33,0,5.84,0.0,4,0.45,False,14.94,0.0,True
a documented,12.61,41,0,7.25,0.0,5,0.66,False,12.95,0.0,True
we'll tell,12.52,60,2,10.61,0.2,4,0.98,True,21.91,0.24,True
we'll tell you,12.52,60,2,10.61,0.2,4,0.98,True,21.91,0.24,True
vat registered businesses,12.52,33,0,5.84,0.0,4,0.52,False,13.7,0.0,True
registered businesses,12.52,33,0,5.84,0.0,4,0.52,False,13.7,0.0,True
take rate,12.48,38,0,6.72,0.0,2,1.0,True,12.45,0.0,True
retail media,12.48,38,0,6.72,0.0,2,1.0,True,12.7,0.0,True
adebayo et al,12.48,38,0,6.72,0.0,3,1.0,True,11.45,0.0,True
adebayo et,12.48,38,0,6.72,0.0,3,1.0,True,11.45,0.0,True
lower back pain,12.47,55,2,9.73,0.2,4,0.76,True,18.43,0.24,True
procurement teams,12.47,36,0,6.37,0.0,5,0.42,False,12.95,0.0,True
particularly those,12.45,53,9,9.37,0.91,5,0.28,False,9.96,1.45,True
often treated,12.45,38,0,6.72,0.0,6,0.39,False,13.2,0.0,True
built for,12.42,172,13,30.42,1.32,5,0.83,True,64.99,1.45,True
boiler and,12.42,47,1,8.31,0.1,3,0.6,False,15.94,0.0,True
none of this is,12.39,54,2,9.55,0.2,5,0.59,False,19.17,0.48,True
